[{"model": "snapventure.journey", "pk": 2, "fields": {"name": "Journey Test | An Unexpected Journey", "created": "2016-11-10T13:09:48.173Z", "last_updated": "2016-11-10T13:09:48.173Z", "description": "The snapventure test journey", "img_description": "", "img_ambiance": "", "start_time": null, "end_time": null, "private": false, "active": true, "deleted": false, "creator": 4}}, {"model": "snapventure.inscription", "pk": 1, "fields": {"created": "2016-11-11T07:24:05.488Z", "last_updated": "2016-11-11T07:24:05.488Z", "journey": 2, "profile": 9}}, {"model": "snapventure.inscription", "pk": 2, "fields": {"created": "2016-11-11T07:24:15.040Z", "last_updated": "2016-11-11T07:24:15.040Z", "journey": 2, "profile": 10}}, {"model": "snapventure.inscription", "pk": 3, "fields": {"created": "2016-11-11T07:24:24.606Z", "last_updated": "2016-11-11T07:24:24.606Z", "journey": 2, "profile": 11}}, {"model": "snapventure.type", "pk": 1, "fields": {"name": "Image", "created": "2016-11-03T12:14:54.426Z", "last_updated": "2016-11-10T12:27:37.013Z", "description": "Simple Image Content"}}, {"model": "snapventure.type", "pk": 2, "fields": {"name": "Rich Text", "created": "2016-11-03T12:15:03.421Z", "last_updated": "2016-11-10T12:27:11.227Z", "description": "Standard Rich Text content."}}, {"model": "snapventure.type", "pk": 3, "fields": {"name": "Slideshow", "created": "2016-11-10T12:27:52.581Z", "last_updated": "2016-11-10T12:27:52.581Z", "description": "Slideshow content."}}, {"model": "snapventure.type", "pk": 4, "fields": {"name": "Music", "created": "2016-11-10T12:28:56.176Z", "last_updated": "2016-11-10T12:28:56.176Z", "description": "Sound player music file"}}, {"model": "snapventure.type", "pk": 5, "fields": {"name": "Video", "created": "2016-11-10T12:29:21.075Z", "last_updated": "2016-11-10T12:29:21.075Z", "description": "Video content."}}, {"model": "snapventure.step", "pk": "73776e5a-ee39-405b-98e8-9af814d2bc65", "fields": {"name": "Step 4 | The Great Fight Against The Dragon", "created": "2016-11-11T07:21:48.753Z", "last_updated": "2016-11-11T07:21:48.753Z", "content_text": "You fight the great Smaug Dragon in the mountain. It's epic !", "content_url": "", "content_type": 2, "journey": 2, "root": false, "final": false}}, {"model": "snapventure.step", "pk": "c1719a94-251b-4aee-b672-839f36d3bb71", "fields": {"name": "Step 5 | The Treasure Is Here", "created": "2016-11-11T07:22:49.128Z", "last_updated": "2016-11-11T07:22:49.128Z", "content_text": "You won the fight and found the treasure. You are the world savior. Good Job man.", "content_url": "", "content_type": 2, "journey": 2, "root": false, "final": true}}, {"model": "snapventure.step", "pk": "c8e1746e-ced4-4e36-a557-0703cb304ac8", "fields": {"name": "Step 3 | A Long Road", "created": "2016-11-10T13:20:10.075Z", "last_updated": "2016-11-10T13:20:10.075Z", "content_text": "You walk for days and days in dangerous forests and fields. You face monsters every day and cross the river of Anduin.\r\n\r\nYou are now in front of the dangerous mountain of Smaug !", "content_url": "", "content_type": 2, "journey": 2, "root": false, "final": false}}, {"model": "snapventure.step", "pk": "cbb68e72-f396-4483-b8f9-b74ba358bbcb", "fields": {"name": "Step 2 | The Giant Bear", "created": "2016-11-10T13:16:47.289Z", "last_updated": "2016-11-10T13:16:47.289Z", "content_text": "You face a group of dangerous bats. You hear a weird noise in the darkness...\r\n\r\nOh Oh...\r\n\r\nYou are facing a giant bear !", "content_url": "", "content_type": 2, "journey": 2, "root": false, "final": false}}, {"model": "snapventure.step", "pk": "fe0ddac6-8d4a-411a-bf9e-a834679bd845", "fields": {"name": "Step 1 | Enter The Cave", "created": "2016-11-10T13:13:42.728Z", "last_updated": "2016-11-10T13:13:42.728Z", "content_text": "There is a cave in front of you, you have to enter to continue the journey. Don't be scared !", "content_url": "", "content_type": 2, "journey": 2, "root": true, "final": false}}, {"model": "snapventure.edge", "pk": 1, "fields": {"created": "2016-11-11T07:33:48.117Z", "last_updated": "2016-11-11T07:33:48.117Z", "parent": "fe0ddac6-8d4a-411a-bf9e-a834679bd845", "child": "cbb68e72-f396-4483-b8f9-b74ba358bbcb"}}, {"model": "snapventure.edge", "pk": 2, "fields": {"created": "2016-11-11T07:33:55.208Z", "last_updated": "2016-11-11T07:33:55.208Z", "parent": "cbb68e72-f396-4483-b8f9-b74ba358bbcb", "child": "c8e1746e-ced4-4e36-a557-0703cb304ac8"}}, {"model": "snapventure.edge", "pk": 3, "fields": {"created": "2016-11-11T07:34:03.995Z", "last_updated": "2016-11-11T07:34:03.995Z", "parent": "c8e1746e-ced4-4e36-a557-0703cb304ac8", "child": "73776e5a-ee39-405b-98e8-9af814d2bc65"}}, {"model": "snapventure.edge", "pk": 4, "fields": {"created": "2016-11-11T07:34:09.426Z", "last_updated": "2016-11-11T07:34:09.426Z", "parent": "73776e5a-ee39-405b-98e8-9af814d2bc65", "child": "c1719a94-251b-4aee-b672-839f36d3bb71"}}, {"model": "snapventure.state", "pk": 1, "fields": {"code": 600, "name": "Unauthenticated User", "description": "The user was not authenticated when scanned code.", "created": "2016-11-10T10:25:23.569Z", "last_updated": "2016-11-10T10:25:23.569Z"}}, {"model": "snapventure.state", "pk": 2, "fields": {"code": 700, "name": "Unstarted Journey", "description": "The user didn't start the journey in which the code is contained.", "created": "2016-11-10T10:26:02.838Z", "last_updated": "2016-11-10T10:26:02.838Z"}}, {"model": "snapventure.state", "pk": 3, "fields": {"code": 800, "name": "Success", "description": "Code successfully scanned.", "created": "2016-11-10T10:26:18.634Z", "last_updated": "2016-11-10T10:26:18.634Z"}}, {"model": "snapventure.state", "pk": 4, "fields": {"code": 900, "name": "Missing Previous Step Scan", "description": "The user skipped one or more steps before this one.", "created": "2016-11-10T10:26:52.951Z", "last_updated": "2016-11-10T10:26:52.951Z"}}, {"model": "snapventure.state", "pk": 5, "fields": {"code": 1300, "name": "Error", "description": "An error occured.", "created": "2016-11-10T10:31:10.751Z", "last_updated": "2016-11-10T10:31:10.751Z"}}, {"model": "snapventure.scan", "pk": 1, "fields": {"state": 3, "created": "2016-11-11T07:31:12.930Z", "last_updated": "2016-11-11T07:31:12.930Z", "step": "fe0ddac6-8d4a-411a-bf9e-a834679bd845", "profile": 9}}, {"model": "snapventure.scan", "pk": 2, "fields": {"state": 3, "created": "2016-11-11T07:31:25.617Z", "last_updated": "2016-11-11T07:31:25.617Z", "step": "cbb68e72-f396-4483-b8f9-b74ba358bbcb", "profile": 9}}, {"model": "snapventure.scan", "pk": 3, "fields": {"state": 3, "created": "2016-11-11T07:31:36.464Z", "last_updated": "2016-11-11T07:31:36.464Z", "step": "c8e1746e-ced4-4e36-a557-0703cb304ac8", "profile": 9}}, {"model": "snapventure.scan", "pk": 4, "fields": {"state": 3, "created": "2016-11-11T07:32:24.284Z", "last_updated": "2016-11-11T07:32:24.284Z", "step": "fe0ddac6-8d4a-411a-bf9e-a834679bd845", "profile": 10}}, {"model": "snapventure.scan", "pk": 5, "fields": {"state": 3, "created": "2016-11-11T07:32:36.624Z", "last_updated": "2016-11-11T07:32:36.624Z", "step": "cbb68e72-f396-4483-b8f9-b74ba358bbcb", "profile": 10}}, {"model": "snapventure.scan", "pk": 6, "fields": {"state": 3, "created": "2016-11-11T07:32:49.837Z", "last_updated": "2016-11-11T07:32:49.837Z", "step": "c8e1746e-ced4-4e36-a557-0703cb304ac8", "profile": 10}}, {"model": "snapventure.scan", "pk": 7, "fields": {"state": 3, "created": "2016-11-11T07:32:58.393Z", "last_updated": "2016-11-11T07:32:58.393Z", "step": "73776e5a-ee39-405b-98e8-9af814d2bc65", "profile": 10}}, {"model": "snapventure.scan", "pk": 8, "fields": {"state": 3, "created": "2016-11-11T07:33:13.410Z", "last_updated": "2016-11-11T07:33:13.410Z", "step": "c1719a94-251b-4aee-b672-839f36d3bb71", "profile": 10}}, {"model": "contenttypes.contenttype", "pk": 1, "fields": {"app_label": "snapventure", "model": "profile"}}, {"model": "contenttypes.contenttype", "pk": 2, "fields": {"app_label": "snapventure", "model": "journey"}}, {"model": "contenttypes.contenttype", "pk": 3, "fields": {"app_label": "snapventure", "model": "scan"}}, {"model": "contenttypes.contenttype", "pk": 4, "fields": {"app_label": "snapventure", "model": "inscription"}}, {"model": "contenttypes.contenttype", "pk": 5, "fields": {"app_label": "snapventure", "model": "type"}}, {"model": "contenttypes.contenttype", "pk": 6, "fields": {"app_label": "snapventure", "model": "step"}}, {"model": "contenttypes.contenttype", "pk": 7, "fields": {"app_label": "admin", "model": "logentry"}}, {"model": "contenttypes.contenttype", "pk": 8, "fields": {"app_label": "auth", "model": "permission"}}, {"model": "contenttypes.contenttype", "pk": 9, "fields": {"app_label": "auth", "model": "user"}}, {"model": "contenttypes.contenttype", "pk": 10, "fields": {"app_label": "auth", "model": "group"}}, {"model": "contenttypes.contenttype", "pk": 11, "fields": {"app_label": "contenttypes", "model": "contenttype"}}, {"model": "contenttypes.contenttype", "pk": 12, "fields": {"app_label": "sessions", "model": "session"}}, {"model": "contenttypes.contenttype", "pk": 13, "fields": {"app_label": "snapventure", "model": "edge"}}, {"model": "contenttypes.contenttype", "pk": 14, "fields": {"app_label": "snapventure", "model": "state"}}, {"model": "sessions.session", "pk": "v2ylul8azhep6j3jmwb98u3ou5r7n8la", "fields": {"session_data": "MTc3M2RhMmE4MDY2NWEyNDc4ZjNjYjg0ODM2MzJiODUyMWZmMzIxOTp7Il9hdXRoX3VzZXJfaGFzaCI6ImUwZjlmOGNhMjJiNjk1N2UzZmEyZDYwNDYwNWM2MzU4Njk5YmY4YmEiLCJfYXV0aF91c2VyX2JhY2tlbmQiOiJkamFuZ28uY29udHJpYi5hdXRoLmJhY2tlbmRzLk1vZGVsQmFja2VuZCIsIl9hdXRoX3VzZXJfaWQiOiI1In0=", "expire_date": "2016-11-24T12:26:05.550Z"}}, {"model": "auth.permission", "pk": 1, "fields": {"name": "Can add profile", "content_type": 1, "codename": "add_profile"}}, {"model": "auth.permission", "pk": 2, "fields": {"name": "Can change profile", "content_type": 1, "codename": "change_profile"}}, {"model": "auth.permission", "pk": 3, "fields": {"name": "Can delete profile", "content_type": 1, "codename": "delete_profile"}}, {"model": "auth.permission", "pk": 4, "fields": {"name": "Can add journey", "content_type": 2, "codename": "add_journey"}}, {"model": "auth.permission", "pk": 5, "fields": {"name": "Can change journey", "content_type": 2, "codename": "change_journey"}}, {"model": "auth.permission", "pk": 6, "fields": {"name": "Can delete journey", "content_type": 2, "codename": "delete_journey"}}, {"model": "auth.permission", "pk": 7, "fields": {"name": "Can add scan", "content_type": 3, "codename": "add_scan"}}, {"model": "auth.permission", "pk": 8, "fields": {"name": "Can change scan", "content_type": 3, "codename": "change_scan"}}, {"model": "auth.permission", "pk": 9, "fields": {"name": "Can delete scan", "content_type": 3, "codename": "delete_scan"}}, {"model": "auth.permission", "pk": 10, "fields": {"name": "Can add inscription", "content_type": 4, "codename": "add_inscription"}}, {"model": "auth.permission", "pk": 11, "fields": {"name": "Can change inscription", "content_type": 4, "codename": "change_inscription"}}, {"model": "auth.permission", "pk": 12, "fields": {"name": "Can delete inscription", "content_type": 4, "codename": "delete_inscription"}}, {"model": "auth.permission", "pk": 13, "fields": {"name": "Can add type", "content_type": 5, "codename": "add_type"}}, {"model": "auth.permission", "pk": 14, "fields": {"name": "Can change type", "content_type": 5, "codename": "change_type"}}, {"model": "auth.permission", "pk": 15, "fields": {"name": "Can delete type", "content_type": 5, "codename": "delete_type"}}, {"model": "auth.permission", "pk": 16, "fields": {"name": "Can add step", "content_type": 6, "codename": "add_step"}}, {"model": "auth.permission", "pk": 17, "fields": {"name": "Can change step", "content_type": 6, "codename": "change_step"}}, {"model": "auth.permission", "pk": 18, "fields": {"name": "Can delete step", "content_type": 6, "codename": "delete_step"}}, {"model": "auth.permission", "pk": 19, "fields": {"name": "Can add log entry", "content_type": 7, "codename": "add_logentry"}}, {"model": "auth.permission", "pk": 20, "fields": {"name": "Can change log entry", "content_type": 7, "codename": "change_logentry"}}, {"model": "auth.permission", "pk": 21, "fields": {"name": "Can delete log entry", "content_type": 7, "codename": "delete_logentry"}}, {"model": "auth.permission", "pk": 22, "fields": {"name": "Can add permission", "content_type": 8, "codename": "add_permission"}}, {"model": "auth.permission", "pk": 23, "fields": {"name": "Can change permission", "content_type": 8, "codename": "change_permission"}}, {"model": "auth.permission", "pk": 24, "fields": {"name": "Can delete permission", "content_type": 8, "codename": "delete_permission"}}, {"model": "auth.permission", "pk": 25, "fields": {"name": "Can add user", "content_type": 9, "codename": "add_user"}}, {"model": "auth.permission", "pk": 26, "fields": {"name": "Can change user", "content_type": 9, "codename": "change_user"}}, {"model": "auth.permission", "pk": 27, "fields": {"name": "Can delete user", "content_type": 9, "codename": "delete_user"}}, {"model": "auth.permission", "pk": 28, "fields": {"name": "Can add group", "content_type": 10, "codename": "add_group"}}, {"model": "auth.permission", "pk": 29, "fields": {"name": "Can change group", "content_type": 10, "codename": "change_group"}}, {"model": "auth.permission", "pk": 30, "fields": {"name": "Can delete group", "content_type": 10, "codename": "delete_group"}}, {"model": "auth.permission", "pk": 31, "fields": {"name": "Can add content type", "content_type": 11, "codename": "add_contenttype"}}, {"model": "auth.permission", "pk": 32, "fields": {"name": "Can change content type", "content_type": 11, "codename": "change_contenttype"}}, {"model": "auth.permission", "pk": 33, "fields": {"name": "Can delete content type", "content_type": 11, "codename": "delete_contenttype"}}, {"model": "auth.permission", "pk": 34, "fields": {"name": "Can add session", "content_type": 12, "codename": "add_session"}}, {"model": "auth.permission", "pk": 35, "fields": {"name": "Can change session", "content_type": 12, "codename": "change_session"}}, {"model": "auth.permission", "pk": 36, "fields": {"name": "Can delete session", "content_type": 12, "codename": "delete_session"}}, {"model": "auth.permission", "pk": 37, "fields": {"name": "Can add edges", "content_type": 13, "codename": "add_edges"}}, {"model": "auth.permission", "pk": 38, "fields": {"name": "Can change edges", "content_type": 13, "codename": "change_edges"}}, {"model": "auth.permission", "pk": 39, "fields": {"name": "Can delete edges", "content_type": 13, "codename": "delete_edges"}}, {"model": "auth.permission", "pk": 40, "fields": {"name": "Can add edge", "content_type": 13, "codename": "add_edge"}}, {"model": "auth.permission", "pk": 41, "fields": {"name": "Can change edge", "content_type": 13, "codename": "change_edge"}}, {"model": "auth.permission", "pk": 42, "fields": {"name": "Can delete edge", "content_type": 13, "codename": "delete_edge"}}, {"model": "auth.permission", "pk": 43, "fields": {"name": "Can add state", "content_type": 14, "codename": "add_state"}}, {"model": "auth.permission", "pk": 44, "fields": {"name": "Can change state", "content_type": 14, "codename": "change_state"}}, {"model": "auth.permission", "pk": 45, "fields": {"name": "Can delete state", "content_type": 14, "codename": "delete_state"}}, {"model": "auth.user", "pk": 5, "fields": {"password": "pbkdf2_sha256$30000$9xsECwTtX4Cj$vQtzXhr3BMk2uIFDuHXDoAqz7US3+XPp1kwoWIB+vwQ=", "last_login": "2016-11-10T12:26:05.537Z", "is_superuser": true, "username": "dom", "first_name": "", "last_name": "", "email": "dducommun@infinit8.io", "is_staff": true, "is_active": true, "date_joined": "2016-11-10T12:25:39.489Z", "groups": [], "user_permissions": []}}, {"model": "auth.user", "pk": 9, "fields": {"password": "pbkdf2_sha256$30000$I4vKrU8xpu8B$0dy9uEyeoda2duGypE1z+BmvNLL3CIJ5nvd9b5H3liY=", "last_login": null, "is_superuser": false, "username": "TestUser1", "first_name": "", "last_name": "", "email": "", "is_staff": false, "is_active": true, "date_joined": "2016-11-10T12:52:40.480Z", "groups": [], "user_permissions": []}}, {"model": "auth.user", "pk": 10, "fields": {"password": "pbkdf2_sha256$30000$4TgZr3Puo9Kf$Mk7pv14hOP2P8UibtvaApyuZNiZGOUcXKrfrmduMU50=", "last_login": null, "is_superuser": false, "username": "TestUser2", "first_name": "", "last_name": "", "email": "", "is_staff": false, "is_active": true, "date_joined": "2016-11-10T12:54:00.123Z", "groups": [], "user_permissions": []}}, {"model": "auth.user", "pk": 11, "fields": {"password": "pbkdf2_sha256$30000$xbg9tcvvn3Z4$7uSqeCsLmr0Efnix6iXupsGqhgkUPQy952RJNtPAuoU=", "last_login": null, "is_superuser": false, "username": "TestUser3", "first_name": "", "last_name": "", "email": "", "is_staff": false, "is_active": true, "date_joined": "2016-11-10T12:56:04.243Z", "groups": [], "user_permissions": []}}, {"model": "auth.user", "pk": 12, "fields": {"password": "pbkdf2_sha256$30000$s4bEd7KvkXiz$fSIAdrwMEzSG5zJYUf3Z/1WUjBgUmH10Ih5SP4Kf7OU=", "last_login": null, "is_superuser": false, "username": "TestUser4", "first_name": "", "last_name": "", "email": "", "is_staff": false, "is_active": true, "date_joined": "2016-11-10T12:56:45.831Z", "groups": [], "user_permissions": []}}, {"model": "admin.logentry", "pk": 23, "fields": {"action_time": "2016-11-10T12:27:11.230Z", "user": 5, "content_type": 5, "object_id": "2", "object_repr": "Rich Text", "action_flag": 2, "change_message": "[{\"changed\": {\"fields\": [\"name\", \"description\"]}}]"}}, {"model": "admin.logentry", "pk": 24, "fields": {"action_time": "2016-11-10T12:27:37.014Z", "user": 5, "content_type": 5, "object_id": "1", "object_repr": "Image", "action_flag": 2, "change_message": "[{\"changed\": {\"fields\": [\"name\", \"description\"]}}]"}}, {"model": "admin.logentry", "pk": 25, "fields": {"action_time": "2016-11-10T12:27:52.582Z", "user": 5, "content_type": 5, "object_id": "3", "object_repr": "Slideshow", "action_flag": 1, "change_message": "[{\"added\": {}}]"}}, {"model": "admin.logentry", "pk": 26, "fields": {"action_time": "2016-11-10T12:28:56.177Z", "user": 5, "content_type": 5, "object_id": "4", "object_repr": "Music", "action_flag": 1, "change_message": "[{\"added\": {}}]"}}, {"model": "admin.logentry", "pk": 27, "fields": {"action_time": "2016-11-10T12:29:21.076Z", "user": 5, "content_type": 5, "object_id": "5", "object_repr": "Video", "action_flag": 1, "change_message": "[{\"added\": {}}]"}}, {"model": "admin.logentry", "pk": 28, "fields": {"action_time": "2016-11-10T12:52:40.524Z", "user": 5, "content_type": 9, "object_id": "9", "object_repr": "TestUser1", "action_flag": 1, "change_message": "[{\"added\": {}}, {\"added\": {\"object\": \"TestUser1\", \"name\": \"profile\"}}]"}}, {"model": "admin.logentry", "pk": 29, "fields": {"action_time": "2016-11-10T12:54:00.171Z", "user": 5, "content_type": 9, "object_id": "10", "object_repr": "TestUser2", "action_flag": 1, "change_message": "[{\"added\": {}}, {\"added\": {\"object\": \"TestUser2\", \"name\": \"profile\"}}]"}}, {"model": "admin.logentry", "pk": 30, "fields": {"action_time": "2016-11-10T12:56:04.293Z", "user": 5, "content_type": 9, "object_id": "11", "object_repr": "TestUser3", "action_flag": 1, "change_message": "[{\"added\": {}}, {\"added\": {\"object\": \"TestUser3\", \"name\": \"profile\"}}]"}}, {"model": "admin.logentry", "pk": 31, "fields": {"action_time": "2016-11-10T12:56:45.903Z", "user": 5, "content_type": 9, "object_id": "12", "object_repr": "TestUser4", "action_flag": 1, "change_message": "[{\"added\": {}}, {\"added\": {\"object\": \"TestUser4\", \"name\": \"profile\"}}]"}}, {"model": "admin.logentry", "pk": 32, "fields": {"action_time": "2016-11-10T13:09:48.174Z", "user": 5, "content_type": 2, "object_id": "2", "object_repr": "Journey Test | An Unexpected Journey", "action_flag": 1, "change_message": "[{\"added\": {}}]"}}, {"model": "admin.logentry", "pk": 33, "fields": {"action_time": "2016-11-10T13:13:42.728Z", "user": 5, "content_type": 6, "object_id": "fe0ddac6-8d4a-411a-bf9e-a834679bd845", "object_repr": "Step 1 | Enter The Cave", "action_flag": 1, "change_message": "[{\"added\": {}}]"}}, {"model": "admin.logentry", "pk": 34, "fields": {"action_time": "2016-11-10T13:16:47.290Z", "user": 5, "content_type": 6, "object_id": "cbb68e72-f396-4483-b8f9-b74ba358bbcb", "object_repr": "Step 2 | The Giant Bear", "action_flag": 1, "change_message": "[{\"added\": {}}]"}}, {"model": "admin.logentry", "pk": 35, "fields": {"action_time": "2016-11-10T13:20:10.075Z", "user": 5, "content_type": 6, "object_id": "c8e1746e-ced4-4e36-a557-0703cb304ac8", "object_repr": "Step 3 | A Long Road", "action_flag": 1, "change_message": "[{\"added\": {}}]"}}, {"model": "admin.logentry", "pk": 36, "fields": {"action_time": "2016-11-11T07:21:48.754Z", "user": 5, "content_type": 6, "object_id": "73776e5a-ee39-405b-98e8-9af814d2bc65", "object_repr": "Step 4 | The Great Fight Against The Dragon", "action_flag": 1, "change_message": "[{\"added\": {}}]"}}, {"model": "admin.logentry", "pk": 37, "fields": {"action_time": "2016-11-11T07:22:49.129Z", "user": 5, "content_type": 6, "object_id": "c1719a94-251b-4aee-b672-839f36d3bb71", "object_repr": "Step 5 | The Treasure Is Here", "action_flag": 1, "change_message": "[{\"added\": {}}]"}}, {"model": "admin.logentry", "pk": 38, "fields": {"action_time": "2016-11-11T07:24:05.489Z", "user": 5, "content_type": 4, "object_id": "1", "object_repr": "Inscription object", "action_flag": 1, "change_message": "[{\"added\": {}}]"}}, {"model": "admin.logentry", "pk": 39, "fields": {"action_time": "2016-11-11T07:24:15.041Z", "user": 5, "content_type": 4, "object_id": "2", "object_repr": "Inscription object", "action_flag": 1, "change_message": "[{\"added\": {}}]"}}, {"model": "admin.logentry", "pk": 40, "fields": {"action_time": "2016-11-11T07:24:24.606Z", "user": 5, "content_type": 4, "object_id": "3", "object_repr": "Inscription object", "action_flag": 1, "change_message": "[{\"added\": {}}]"}}, {"model": "admin.logentry", "pk": 41, "fields": {"action_time": "2016-11-11T07:31:12.930Z", "user": 5, "content_type": 3, "object_id": "1", "object_repr": "1", "action_flag": 1, "change_message": "[{\"added\": {}}]"}}, {"model": "admin.logentry", "pk": 42, "fields": {"action_time": "2016-11-11T07:31:25.617Z", "user": 5, "content_type": 3, "object_id": "2", "object_repr": "2", "action_flag": 1, "change_message": "[{\"added\": {}}]"}}, {"model": "admin.logentry", "pk": 43, "fields": {"action_time": "2016-11-11T07:31:36.464Z", "user": 5, "content_type": 3, "object_id": "3", "object_repr": "3", "action_flag": 1, "change_message": "[{\"added\": {}}]"}}, {"model": "admin.logentry", "pk": 44, "fields": {"action_time": "2016-11-11T07:32:24.285Z", "user": 5, "content_type": 3, "object_id": "4", "object_repr": "4", "action_flag": 1, "change_message": "[{\"added\": {}}]"}}, {"model": "admin.logentry", "pk": 45, "fields": {"action_time": "2016-11-11T07:32:36.624Z", "user": 5, "content_type": 3, "object_id": "5", "object_repr": "5", "action_flag": 1, "change_message": "[{\"added\": {}}]"}}, {"model": "admin.logentry", "pk": 46, "fields": {"action_time": "2016-11-11T07:32:49.837Z", "user": 5, "content_type": 3, "object_id": "6", "object_repr": "6", "action_flag": 1, "change_message": "[{\"added\": {}}]"}}, {"model": "admin.logentry", "pk": 47, "fields": {"action_time": "2016-11-11T07:32:58.394Z", "user": 5, "content_type": 3, "object_id": "7", "object_repr": "7", "action_flag": 1, "change_message": "[{\"added\": {}}]"}}, {"model": "admin.logentry", "pk": 48, "fields": {"action_time": "2016-11-11T07:33:13.410Z", "user": 5, "content_type": 3, "object_id": "8", "object_repr": "8", "action_flag": 1, "change_message": "[{\"added\": {}}]"}}, {"model": "admin.logentry", "pk": 49, "fields": {"action_time": "2016-11-11T07:33:48.118Z", "user": 5, "content_type": 13, "object_id": "1", "object_repr": "Edge object", "action_flag": 1, "change_message": "[{\"added\": {}}]"}}, {"model": "admin.logentry", "pk": 50, "fields": {"action_time": "2016-11-11T07:33:55.208Z", "user": 5, "content_type": 13, "object_id": "2", "object_repr": "Edge object", "action_flag": 1, "change_message": "[{\"added\": {}}]"}}, {"model": "admin.logentry", "pk": 51, "fields": {"action_time": "2016-11-11T07:34:03.996Z", "user": 5, "content_type": 13, "object_id": "3", "object_repr": "Edge object", "action_flag": 1, "change_message": "[{\"added\": {}}]"}}, {"model": "admin.logentry", "pk": 52, "fields": {"action_time": "2016-11-11T07:34:09.426Z", "user": 5, "content_type": 13, "object_id": "4", "object_repr": "Edge object", "action_flag": 1, "change_message": "[{\"added\": {}}]"}}, {"model": "snapventure.profile", "pk": 4, "fields": {"user": 5, "bio": "", "location": ""}}, {"model": "snapventure.profile", "pk": 9, "fields": {"user": 9, "bio": "Test", "location": "Switzerland"}}, {"model": "snapventure.profile", "pk": 10, "fields": {"user": 10, "bio": "User 2", "location": "Switzerland"}}, {"model": "snapventure.profile", "pk": 11, "fields": {"user": 11, "bio": "User 3.", "location": "Switzerland"}}, {"model": "snapventure.profile", "pk": 12, "fields": {"user": 12, "bio": "User4", "location": "Switzerland"}}]